,Mean,95CI
1,61.53333333333333,0.8457108944316409
5,81.16,0.6348851187107036
