,Mean,95CI
1,23.048888888888886,0.4482275940362952
5,27.46,0.44044181758215895
