,Mean,95CI
1,75.01111111111112,0.8649994377863611
5,92.83555555555556,0.4386214307626912
