,Mean,95CI
1,34.22666666666667,0.5925397708035502
5,48.19555555555556,0.597560382249234
