,Mean,95CI
1,22.671111111111113,0.4159314279660082
5,26.455555555555552,0.4372673281834677
