,Mean,95CI
1,33.98444444444444,0.6639994482447386
5,49.53111111111111,0.564743053752484
