,Mean,95CI
1,63.16888888888888,0.8126922573229282
5,82.66888888888889,0.6072430829065704
