,Mean,95CI
1,34.73777777777777,0.6367744245911843
5,48.75333333333333,0.6068121279317698
