,Mean,95CI
1,61.27555555555555,0.8379046825017181
5,81.13777777777779,0.6268007550587182
