,Mean,95CI
1,74.6,0.878833623297915
5,92.77333333333333,0.44043264933206644
