,Mean,95CI
1,22.988888888888887,0.4333385050749889
5,27.351111111111113,0.43783050035858706
